SuperpowerID,Description,Name
1,Enhanced Strength,Super Strength
2,Repulsor Technology,Iron Man Suit
3,Espionage Skills,Stealth Mastery
4,Hulk Smash,Unstoppable Force
5,Web-Slinging,Web Swinging
6,Thunder God Abilities,Stormbreaker Powers
7,Bat-gadgets,Utility Belt Gadgets
8,Flight,Flight Ability
9,Regeneration,Healing Factor
10,Photon Blasts,Energy Projection
11,Lasso of Truth,Truth Inducement
12,Power Ring Constructs,Construct Creation
13,Super Speed,Supersonic Velocity
14,Vibranium Suit,Vibranium Armor
15,Size Manipulation,Size Alteration